{"cameraMode":{"drawMode":0,"name":"Shaded","section":"Shading Mode"},"sceneLighting":true,"audioPlay":false,"sceneViewState":{"showFog":true,"showMaterialUpdate":true,"showSkybox":true,"showFlares":true,"showImageEffects":true,"showParticleSystems":true},"in2DMode":false,"pivot":{"x":-0.10000000894069672,"y":0.0,"z":0.9319999814033508},"rotation":{"x":-0.1330704391002655,"y":0.022298356518149377,"z":-0.00299452873878181,"w":-0.9908512234687805},"size":2.0608878135681154,"orthographic":false}