{"cameraMode":{"drawMode":0,"name":"Shaded","section":"Shading Mode"},"sceneLighting":true,"audioPlay":false,"sceneViewState":{"showFog":true,"showMaterialUpdate":true,"showSkybox":true,"showFlares":true,"showImageEffects":true,"showParticleSystems":true},"in2DMode":false,"pivot":{"x":0.21604637801647187,"y":0.36590883135795596,"z":-0.42359739542007449},"rotation":{"x":-0.02504369057714939,"y":0.9730105996131897,"z":-0.12801040709018708,"w":-0.19035908579826356},"size":22.0,"orthographic":false}