{"cameraMode":{"drawMode":0,"name":"Shaded","section":"Shading Mode"},"sceneLighting":true,"audioPlay":false,"sceneViewState":{"showFog":true,"showMaterialUpdate":true,"showSkybox":true,"showFlares":true,"showImageEffects":true,"showParticleSystems":true},"in2DMode":false,"pivot":{"x":3.7938194274902345,"y":-6.532645225524902,"z":-3.583502769470215},"rotation":{"x":0.34773141145706179,"y":-0.43522128462791445,"z":0.18704195320606233,"w":0.8091233968734741},"size":28.271270751953126,"orthographic":false}