{"cameraMode":{"drawMode":0,"name":"Shaded","section":"Shading Mode"},"sceneLighting":true,"audioPlay":false,"sceneViewState":{"showFog":true,"showMaterialUpdate":true,"showSkybox":true,"showFlares":true,"showImageEffects":true,"showParticleSystems":true},"in2DMode":false,"pivot":{"x":-0.3658639192581177,"y":-2.0141119956970217,"z":22.293350219726564},"rotation":{"x":-0.04679239168763161,"y":0.005091297440230846,"z":-0.00023872438760008663,"w":-0.9988916516304016},"size":22.0,"orthographic":false}