{"cameraMode":{"drawMode":0,"name":"Shaded","section":"Shading Mode"},"sceneLighting":true,"audioPlay":false,"sceneViewState":{"showFog":true,"showMaterialUpdate":true,"showSkybox":true,"showFlares":true,"showImageEffects":true,"showParticleSystems":true},"in2DMode":false,"pivot":{"x":-0.5215493440628052,"y":-3.1111464500427248,"z":22.090879440307618},"rotation":{"x":-0.07074656337499619,"y":0.011068864725530148,"z":-0.0007853296119719744,"w":-0.9974325895309448},"size":22.0,"orthographic":false}